epoch,pos_train_loss,neg_train_loss,pos_test_loss,neg_test_loss,pos_train_acc,neg_train_acc,pos_test_acc,neg_test_acc
0,0.7428230798530843,,0.7428201943145266,0.7478276774432688,1.0,,1.0,0.0
1,0.6908264924895254,0.7385309795814178,0.6936054586969199,0.7372849669139444,0.9375896700143472,0.396700143472023,0.9155844155844156,0.4155844155844156
2,0.6673332961885075,0.7389895791870718,0.6706514652561633,0.73890657520157,0.9440459110473458,0.37087517934002867,0.9155844155844156,0.38961038961038963
3,0.6490699767308519,0.7449740463860682,0.6519257253918439,0.7449877287017552,0.9540889526542324,0.31922525107604016,0.935064935064935,0.33766233766233766
4,0.6423540201458984,0.7455601657254244,0.6448629951732894,0.7443506243172748,0.9598278335724534,0.3113342898134864,0.935064935064935,0.3246753246753247
5,0.6399865499433748,0.7425507193485635,0.6421234984670324,0.7416136216525131,0.9519368723098995,0.30774748923959827,0.9285714285714286,0.33116883116883117
6,0.6411882149949204,0.7367271824074083,0.6431379042497833,0.7368925185509725,0.9483500717360115,0.36083213773314204,0.9285714285714286,0.36363636363636365
7,0.6244002586633353,0.7537009641361752,0.6262566256787303,0.7507508878559033,0.9641319942611191,0.2568149210903874,0.9415584415584416,0.3051948051948052
8,0.6309549478712251,0.7452452871065057,0.632612133481556,0.7421686977235639,0.9526542324246772,0.3034433285509326,0.9285714285714286,0.3246753246753247
9,0.6281593273523773,0.7444316401520245,0.6297294940190556,0.743248327096776,0.9519368723098995,0.34218077474892394,0.9285714285714286,0.34415584415584416
10,0.632970436918541,0.7416022455844561,0.6344788573247722,0.7374150702159812,0.9390243902439024,0.38737446197991393,0.9285714285714286,0.4090909090909091
11,0.626790816870935,0.7415058152198288,0.6283565835742245,0.7420261250003246,0.9411764705882353,0.4139167862266858,0.922077922077922,0.4025974025974026
12,0.6240507436874464,0.7474530113245956,0.6256108572652123,0.7438711567150815,0.9390243902439024,0.3952654232424677,0.922077922077922,0.4155844155844156
13,0.6185339065452284,0.7489002731446729,0.6201282142501753,0.7482462573817926,0.9383070301291249,0.4253945480631277,0.922077922077922,0.4155844155844156
14,0.6178125795169661,0.7512860411205206,0.6193845077158201,0.7481813949943631,0.9325681492109039,0.3988522238163558,0.922077922077922,0.42857142857142855
15,0.6281162923771044,0.7395654827768796,0.6294671006225354,0.7376451752863927,0.9081779053084649,0.5028694404591105,0.9025974025974026,0.5324675324675324
16,0.6255730364630914,0.7441416701060196,0.626875958707027,0.7393741646996411,0.9110473457675753,0.4612625538020086,0.9025974025974026,0.538961038961039
17,0.6249209757479395,0.7429120581778476,0.6265110410241487,0.7395460096116714,0.9053084648493543,0.4949784791965567,0.8961038961038961,0.512987012987013
18,0.6246113688727417,0.742211727726534,0.6261435970287932,0.7392521423504027,0.9017216642754663,0.503586800573888,0.8961038961038961,0.538961038961039
19,0.6261975241270092,0.7422889592472173,0.6279649426205905,0.7373786077310678,0.8995695839311334,0.5129124820659972,0.8831168831168831,0.5454545454545454
20,0.6258652254334781,0.7435696608939661,0.6275886764694071,0.737197012162918,0.8895265423242468,0.5157819225251076,0.8701298701298701,0.5454545454545454
21,0.6248569913671295,0.7384300685984968,0.6268204160245919,0.7376639109139977,0.8873744619799139,0.5624103299856528,0.8701298701298701,0.5714285714285714
22,0.6237265167868192,0.7439094376254154,0.6256871160627815,0.7387029923448925,0.8866571018651362,0.5265423242467718,0.8701298701298701,0.5454545454545454
23,0.6266564027119256,0.7357718323940587,0.6284318013332323,0.7352280117285545,0.866571018651363,0.5860832137733142,0.8506493506493507,0.5844155844155844
24,0.6251658424575224,0.7391543038436027,0.6269498699060962,0.7363417805160044,0.8708751793400287,0.5674318507890961,0.8571428571428571,0.577922077922078
25,0.6295797464891515,0.736579598083998,0.6314048939005507,0.7316590311606267,0.857245337159254,0.5760401721664276,0.8441558441558441,0.5974025974025974
26,0.631355379112678,0.7313406445504398,0.632960590866577,0.7295623131889784,0.8493543758967002,0.6269727403156384,0.8311688311688312,0.6363636363636364
27,0.6318851055161636,0.732557958466786,0.633968068104157,0.7288405923876669,0.8543758967001435,0.5853658536585366,0.8376623376623377,0.6103896103896104
28,0.6258273949869639,0.7365311788977849,0.6277297879274316,0.7341746867804895,0.8593974175035868,0.6076040172166427,0.8506493506493507,0.5909090909090909
29,0.6303812076141752,0.7317048513317419,0.6321757358018442,0.7296253523218831,0.8428981348637016,0.6549497847919655,0.8181818181818182,0.6298701298701299
30,0.6238015886634101,0.7410046861017897,0.6259380506497719,0.7359764824278511,0.8586800573888091,0.5746054519368723,0.8376623376623377,0.6038961038961039
31,0.6214082940515051,0.7431246717229436,0.623524573276548,0.738219861667499,0.860832137733142,0.5710186513629842,0.8441558441558441,0.5909090909090909
32,0.6339710121414148,0.7267787097766968,0.6358558528558068,0.7255946329664134,0.8314203730272597,0.6822094691535151,0.8116883116883117,0.6623376623376623
33,0.6269766981330096,0.7342488920626722,0.628787860493375,0.7321223033534238,0.832855093256815,0.6319942611190817,0.8116883116883117,0.6363636363636364
34,0.6363374134952988,0.728334351243588,0.638256492547318,0.7229199824462939,0.8314203730272597,0.6470588235294118,0.8116883116883117,0.6558441558441559
35,0.6369841135942904,0.7285771853120305,0.638801740013492,0.7221579102464207,0.8206599713055954,0.6707317073170732,0.8051948051948052,0.6818181818181818
36,0.6322488611925784,0.731167985327346,0.6343739549251773,0.726617482443294,0.8342898134863702,0.633428981348637,0.8116883116883117,0.6428571428571429
37,0.6242693191349443,0.7379262884544213,0.6266449773560749,0.7344018208549712,0.8479196556671449,0.6018651362984218,0.8246753246753247,0.6103896103896104
38,0.6299662349906733,0.7329391482388854,0.6321645398160252,0.7285628004718013,0.8335724533715926,0.6284074605451937,0.8116883116883117,0.6363636363636364
39,0.6211365160571565,0.7359279731767738,0.6232932715935262,0.7372907832767808,0.8464849354375896,0.6305595408895266,0.8311688311688312,0.6298701298701299
40,0.6355014787981009,0.7262785776969433,0.6379374862686003,0.7226029927233613,0.8256814921090387,0.6664275466284074,0.7922077922077922,0.6493506493506493
41,0.6300874129893282,0.7331324124255059,0.6322991469406803,0.7281475688909609,0.8314203730272597,0.6248206599713056,0.8051948051948052,0.6428571428571429
42,0.6340105540109052,0.7231018821592177,0.636157008371928,0.7235095179744712,0.8185078909612625,0.7058823529411765,0.7987012987012987,0.7077922077922078
43,0.6337679084221601,0.7277104021076363,0.636024659778792,0.7239563751479109,0.8278335724533716,0.6685796269727403,0.7987012987012987,0.6623376623376623
44,0.6368533428291935,0.7243475697335017,0.6387875802541993,0.7207963286714288,0.8206599713055954,0.6915351506456241,0.7922077922077922,0.6948051948051948
45,0.6285896367663236,0.733230974709289,0.6309307790722418,0.7291443007983384,0.8335724533715926,0.6327116212338594,0.8051948051948052,0.6363636363636364
46,0.6317900892910558,0.7299252457638503,0.6338114376158295,0.7258784012192159,0.8285509325681492,0.6592539454806313,0.8051948051948052,0.6558441558441559
47,0.6336967218090104,0.7253579983404287,0.635480062349124,0.7234034632831703,0.8142037302725968,0.7051649928263989,0.7987012987012987,0.6948051948051948
48,0.6282237795958314,0.7284492639008232,0.6304233637919073,0.72890681297567,0.827116212338594,0.6649928263988523,0.7987012987012987,0.6558441558441559
49,0.6320478647924923,0.7276544287903044,0.634386740822216,0.7250165166690399,0.8177905308464849,0.6743185078909613,0.7922077922077922,0.6623376623376623
50,0.6408494883879875,0.7222679501116336,0.6420942554477531,0.716245476279473,0.757532281205165,0.7675753228120517,0.7662337662337663,0.7922077922077922
51,0.6424514459740838,0.7179388913144495,0.6441938394164108,0.7147427803206715,0.7568149210903874,0.7769010043041606,0.7662337662337663,0.7987012987012987
52,0.6422263204308981,0.7192501175227384,0.6441650409152789,0.7148827404902025,0.7847919655667145,0.736728837876614,0.7727272727272727,0.7467532467532467
53,0.6363466924201957,0.7215432802906383,0.6380248839848589,0.7204119346919549,0.7926829268292683,0.7252510760401721,0.7727272727272727,0.7207792207792207
54,0.6328016699164588,0.7283353873584864,0.6347858212736315,0.7238929125111178,0.8163558106169297,0.6994261119081779,0.7922077922077922,0.6948051948051948
55,0.64018980830243,0.7196504045282666,0.6423129951947323,0.7166580267304052,0.7890961262553802,0.7281205164992827,0.7727272727272727,0.7402597402597403
56,0.6378405279808123,0.7256626525781351,0.6401067287791069,0.718711115660334,0.7991391678622669,0.7073170731707317,0.7727272727272727,0.7207792207792207
57,0.640054011494781,0.7177809485728315,0.642354889233499,0.716436443239217,0.7905308464849354,0.7503586800573888,0.7727272727272727,0.7597402597402597
58,0.6301928992059417,0.7250139457502124,0.6326735541935686,0.7263817499984464,0.8242467718794835,0.6721664275466284,0.7987012987012987,0.6558441558441559
59,0.6371234341209594,0.7257728894092143,0.639537264014963,0.7196304782228508,0.8077474892395983,0.693687230989957,0.7922077922077922,0.6883116883116883
60,0.6461287522399183,0.7160405049461607,0.6479335690960519,0.7110150704859621,0.7417503586800573,0.8048780487804879,0.7597402597402597,0.7987012987012987
61,0.6398549351604605,0.72075621540366,0.642343271756671,0.7173001164083183,0.8034433285509326,0.7094691535150646,0.7922077922077922,0.6818181818181818
62,0.6532657388776566,0.7094820497120984,0.6546131545567455,0.7040345280265883,0.727403156384505,0.8055954088952654,0.7467532467532467,0.8376623376623377
63,0.6351892726488231,0.722506765212333,0.6374815742764219,0.7212595545953945,0.793400286944046,0.7216642754662841,0.7727272727272727,0.7272727272727273
64,0.6394796609614588,0.715906361235229,0.6417550732019209,0.7167525957021137,0.7783357245337159,0.7718794835007173,0.7727272727272727,0.7597402597402597
65,0.6341224586039521,0.721427403447651,0.636542530274967,0.7219383896502328,0.8041606886657102,0.7295552367288379,0.7792207792207793,0.7207792207792207
66,0.6385641870131159,0.7224013549402772,0.640904122361991,0.7175107086285372,0.7912482065997131,0.7517934002869441,0.7792207792207793,0.7727272727272727
67,0.6436025776973844,0.7140882684578662,0.6457444559709008,0.7124887811735194,0.7417503586800573,0.8034433285509326,0.7597402597402597,0.8246753246753247
68,0.6397692749112384,0.7188614520364025,0.6420803867448389,0.716319041287081,0.7740315638450502,0.7582496413199427,0.7727272727272727,0.7532467532467533
69,0.6439561490567213,0.7174477502137978,0.6459115199497322,0.7122632606012892,0.7489239598278336,0.7926829268292683,0.7597402597402597,0.8181818181818182
70,0.6454855433963482,0.712737950921425,0.6476140545494148,0.7108444168740341,0.7345767575322812,0.8106169296987088,0.7532467532467533,0.8246753246753247
71,0.6398095873760598,0.7201723484714663,0.6421504254821759,0.7161095585290526,0.7582496413199427,0.787661406025825,0.7597402597402597,0.8116883116883117
72,0.6473067332552496,0.7100642376868955,0.6494429023933811,0.7087834998716177,0.7381635581061693,0.8177905308464849,0.7467532467532467,0.8051948051948052
73,0.6509756243988364,0.7099918440776044,0.65314824038018,0.7053350414929129,0.7087517934002869,0.8199426111908178,0.7077922077922078,0.8571428571428571
74,0.6380794787018594,0.7165262291723855,0.6405159891432284,0.7177091151481263,0.7754662840746055,0.7769010043041606,0.7727272727272727,0.7727272727272727
75,0.641974939582142,0.7180849479018319,0.6441907046865101,0.7138364240142508,0.7517934002869441,0.7812051649928264,0.7597402597402597,0.8051948051948052
76,0.639938077673201,0.7160280394799962,0.6428089713572301,0.7161088521843184,0.793400286944046,0.7525107604017217,0.7727272727272727,0.7142857142857143
77,0.6457594281663094,0.7132288043299115,0.6477229066512931,0.7103363766259212,0.727403156384505,0.8263988522238164,0.7337662337662337,0.8246753246753247
78,0.6349303325804847,0.7213712710778457,0.6367341359629538,0.7208774306750605,0.7553802008608321,0.7977044476327116,0.7597402597402597,0.7922077922077922
79,0.64336183524538,0.7155276428833482,0.6454698695133787,0.7123812071940443,0.7317073170731707,0.8127690100430416,0.7467532467532467,0.8246753246753247
80,0.6418051100773771,0.7173898956171704,0.6441598883655942,0.7140273910579337,0.7410329985652798,0.8098995695839312,0.7532467532467533,0.7987012987012987
81,0.6396560948113078,0.7174308676752252,0.642025493118,0.7161584285903804,0.7489239598278336,0.8070301291248206,0.7532467532467533,0.7987012987012987
82,0.642340855991639,0.7183915186703964,0.6445660043592765,0.7133669417662747,0.736728837876614,0.7984218077474893,0.7597402597402597,0.8246753246753247
83,0.6423839510643716,0.7170279906593511,0.6445863034723136,0.7135353212869855,0.7352941176470589,0.806312769010043,0.7337662337662337,0.8051948051948052
84,0.636886502325329,0.7195365862564657,0.6397536811509098,0.7190280380236004,0.7919655667144907,0.7582496413199427,0.7792207792207793,0.7207792207792207
85,0.6384289265046386,0.717970749816133,0.6405707423312094,0.7170429728372947,0.7510760401721664,0.7977044476327116,0.7597402597402597,0.7987012987012987
86,0.6384526741353678,0.7177988782018275,0.6401567892091334,0.7171296035627663,0.7431850789096126,0.8041606886657102,0.7597402597402597,0.8181818181818182
87,0.6466804349748295,0.7112679437824725,0.6494250300141216,0.7091320283018792,0.7166427546628408,0.8450502152080345,0.7207792207792207,0.8441558441558441
88,0.6382841440966699,0.7218743196129604,0.641078616539969,0.7179070111178394,0.7697274031563845,0.7539454806312769,0.7532467532467533,0.7532467532467533
89,0.645302618756769,0.7122724964021102,0.6473987777922154,0.7103610983470405,0.7647058823529411,0.787661406025825,0.7727272727272727,0.7922077922077922
90,0.653235598387071,0.7070781970117683,0.6552171478616325,0.7026733213752987,0.7187948350071736,0.8220946915351507,0.7272727272727273,0.8376623376623377
91,0.6435228597691958,0.7169570760783587,0.6452770536002204,0.7121707479995758,0.7388809182209469,0.7890961262553802,0.7597402597402597,0.8116883116883117
92,0.6394024850986427,0.7171651489209366,0.6419331157939197,0.7162245884123924,0.772596843615495,0.7647058823529411,0.7727272727272727,0.7532467532467533
93,0.6381054928909277,0.7134334548980161,0.6402434045418441,0.7172279577623455,0.7532281205164992,0.8185078909612625,0.7597402597402597,0.7987012987012987
94,0.6317184211797211,0.7200892966652471,0.633947528526946,0.723952262948991,0.7840746054519369,0.7890961262553802,0.7727272727272727,0.7727272727272727
95,0.6417740404229192,0.7174902098605056,0.643859755473005,0.7137537679725033,0.7338593974175036,0.8113342898134863,0.7467532467532467,0.8311688311688312
96,0.6395459352221894,0.7183943908012681,0.6420140137855344,0.7157815627132004,0.7474892395982783,0.802725968436155,0.7597402597402597,0.8116883116883117
97,0.6359902918564904,0.7213592106109341,0.638292742657835,0.7195763299442843,0.7539454806312769,0.7948350071736011,0.7662337662337663,0.7857142857142857
98,0.6415606936012034,0.7156201738181137,0.6440962164395004,0.7139281168854346,0.7317073170731707,0.8134863701578192,0.7597402597402597,0.8246753246753247
99,0.6383415185384146,0.7155594072092254,0.6402791114191995,0.7168584591280431,0.7410329985652798,0.8177905308464849,0.7597402597402597,0.8311688311688312
100,0.6399683059921203,0.7193255946777786,0.6420566813992561,0.7156609279808727,0.7352941176470589,0.8077474892395983,0.7337662337662337,0.7987012987012987
101,0.6411957454195234,0.7160279333851233,0.6440400990603535,0.7148849073744038,0.7230989956958394,0.8278335724533716,0.7142857142857143,0.8181818181818182
102,0.6496563770347145,0.7120386237849297,0.6516638102961778,0.7059501874156526,0.7080344332855093,0.8249641319942611,0.7012987012987013,0.8636363636363636
103,0.6489388206658391,0.7063331486831013,0.6506164240984438,0.70677381904251,0.7159253945480631,0.8428981348637016,0.7272727272727273,0.8376623376623377
104,0.6421370809062673,0.713502776293187,0.6444249699678962,0.7131440663073872,0.7309899569583931,0.8206599713055954,0.7597402597402597,0.8311688311688312
105,0.642065861697663,0.7131139669588187,0.6440018925542876,0.7131008830321804,0.7309899569583931,0.8278335724533716,0.7597402597402597,0.8311688311688312
106,0.6416898140665327,0.7125716138074387,0.6438710431979463,0.7135323035333515,0.7324246771879483,0.8285509325681492,0.7597402597402597,0.8311688311688312
107,0.6457659775986515,0.7120487274758315,0.648558075471432,0.7098176743504997,0.7159253945480631,0.8443328550932568,0.7142857142857143,0.8376623376623377
108,0.6414268753459126,0.719482226738795,0.6441609411950697,0.7136993419958796,0.7381635581061693,0.8084648493543759,0.7467532467532467,0.8051948051948052
109,0.6457864996311313,0.7105867971111192,0.6485293923564732,0.7094475922426006,0.7288378766140603,0.836441893830703,0.7272727272727273,0.8246753246753247
110,0.639711279014606,0.7135940394291671,0.6423441403621708,0.7155414987209774,0.7453371592539455,0.8170731707317073,0.7597402597402597,0.7857142857142857
111,0.6504792643427761,0.7075756657477902,0.6524537182449023,0.7049676099822942,0.7051649928263989,0.8529411764705882,0.7077922077922078,0.8636363636363636
112,0.6420260085648691,0.7166311440923367,0.6441350765624834,0.7135740249352882,0.7230989956958394,0.8134863701578192,0.7467532467532467,0.8311688311688312
113,0.6395205595881113,0.7186103946324591,0.6411796157919404,0.7156518679961675,0.7395982783357246,0.8077474892395983,0.7597402597402597,0.8246753246753247
114,0.6429441471966294,0.7133655584251899,0.6455684083539575,0.7128696826489399,0.7087517934002869,0.8565279770444764,0.7077922077922078,0.8506493506493507
115,0.6407657057438206,0.714433259460745,0.6437187891849442,0.714851440153505,0.7245337159253945,0.8371592539454806,0.7077922077922078,0.8181818181818182
116,0.6394839584587056,0.7202908307233427,0.6426140063138781,0.7162440244175765,0.7618364418938307,0.7747489239598279,0.7467532467532467,0.7792207792207793
117,0.6417470466608408,0.7137889767352348,0.6449624163775005,0.7135189138462721,0.7295552367288379,0.8357245337159254,0.7077922077922078,0.8441558441558441
118,0.6473370103312298,0.7068738714835437,0.6500667726062274,0.7078769276699687,0.7087517934002869,0.8558106169296987,0.7077922077922078,0.8571428571428571
119,0.6383672856731075,0.7189905043022743,0.641433843740351,0.7168808634122018,0.7690100430416069,0.7962697274031564,0.7597402597402597,0.7792207792207793
120,0.6477547174587616,0.712004782247691,0.6507291404679789,0.707486876720087,0.7087517934002869,0.8414634146341463,0.7012987012987013,0.8571428571428571
121,0.6382768868276897,0.7176942569679227,0.6412539266885169,0.7171753922041527,0.7618364418938307,0.7962697274031564,0.7597402597402597,0.7857142857142857
122,0.6408908644121827,0.7147907626878763,0.6435848338910091,0.7142508801748478,0.727403156384505,0.8321377331420373,0.7467532467532467,0.8311688311688312
123,0.635940398542048,0.7174976538632876,0.6388500667406313,0.7194113086111612,0.7381635581061693,0.8170731707317073,0.7402597402597403,0.8246753246753247
124,0.6420252895164108,0.7179531211027902,0.6446599223039581,0.7131586276114953,0.7216642754662841,0.8357245337159254,0.7467532467532467,0.8311688311688312
125,0.6490182861549478,0.7079037141259623,0.6516320589586547,0.7065714626219662,0.6987087517934003,0.8644189383070301,0.6883116883116883,0.8701298701298701
126,0.6433983345694584,0.7181054184602521,0.6457884479939834,0.711874748748516,0.727403156384505,0.8091822094691535,0.7532467532467533,0.8311688311688312
127,0.6325785286352265,0.724972925964467,0.6356194846189064,0.7229368678724544,0.8005738880918221,0.727403156384505,0.7857142857142857,0.7402597402597403
128,0.6393443454813172,0.7175974829527891,0.6420532614687353,0.7156663718276932,0.7403156384505022,0.8084648493543759,0.7597402597402597,0.8311688311688312
129,0.64242937203241,0.7182625408399066,0.6449029103240885,0.7128257562649031,0.7295552367288379,0.827116212338594,0.7402597402597403,0.8181818181818182
130,0.644486394221037,0.7170213680453353,0.6461381177718335,0.710980016569249,0.7259684361549498,0.8091822094691535,0.7467532467532467,0.8311688311688312
131,0.6486433140771274,0.71095521595182,0.6511844033948792,0.7065858068995452,0.7037302725968436,0.8421807747489239,0.7142857142857143,0.8506493506493507
132,0.6468620361079339,0.7109876613488426,0.6491933435097559,0.7083036851760403,0.7202295552367288,0.8299856527977044,0.7337662337662337,0.8441558441558441
133,0.6379966187609877,0.7206746561867229,0.6408808660052309,0.7176090275643258,0.7718794835007173,0.7883787661406025,0.7662337662337663,0.7792207792207793
134,0.6455513549077628,0.7134147213857778,0.6476914644371897,0.7095039928951319,0.7324246771879483,0.8134863701578192,0.7532467532467533,0.8311688311688312
135,0.6493664937420259,0.7131616781292816,0.6514922372974628,0.7057984690272718,0.7116212338593975,0.8314203730272597,0.7077922077922078,0.8441558441558441
136,0.6451630481623989,0.7104459019271055,0.6474115700198352,0.7097815779590306,0.7266857962697274,0.8278335724533716,0.7532467532467533,0.8311688311688312
137,0.6415964961859513,0.7146045236329943,0.6445383717915345,0.7135138113689722,0.7281205164992827,0.827116212338594,0.7337662337662337,0.8181818181818182
138,0.6438591970576728,0.7128254930472673,0.6467389129259485,0.7112711305955169,0.7109038737446198,0.8507890961262554,0.7142857142857143,0.8571428571428571
139,0.6470272945955213,0.7102317422943603,0.6499092839611001,0.7078905955199267,0.7087517934002869,0.8529411764705882,0.7012987012987013,0.8571428571428571
140,0.6422531050081025,0.7160315695680288,0.6455121271191895,0.7131515586228485,0.7345767575322812,0.8249641319942611,0.7077922077922078,0.8116883116883117
141,0.6472234899977615,0.7115601623424476,0.6502611714902021,0.7082401151964571,0.7044476327116213,0.8522238163558106,0.7012987012987013,0.8701298701298701
142,0.6509996637699258,0.7072568157674944,0.6532081918797676,0.7042230851366251,0.7152080344332855,0.8371592539454806,0.7207792207792207,0.8376623376623377
143,0.6467261224707901,0.7104410405751105,0.6487594093019599,0.7085562696932025,0.7209469153515065,0.8278335724533716,0.7402597402597403,0.8376623376623377
144,0.6464126679822562,0.7112049179947532,0.6488343168671821,0.7085672257213834,0.7216642754662841,0.830703012912482,0.7467532467532467,0.8376623376623377
145,0.6380630446876757,0.7165196132015966,0.6407752998376073,0.7170792439427652,0.7410329985652798,0.8170731707317073,0.7597402597402597,0.7857142857142857
146,0.6385800354662505,0.7171486171361996,0.6409893713926023,0.7166411957123889,0.7317073170731707,0.8149210903873745,0.7402597402597403,0.8181818181818182
147,0.6453405408603505,0.7105269954964587,0.6473249746565032,0.7095213207838704,0.7295552367288379,0.8263988522238164,0.7597402597402597,0.8311688311688312
148,0.6472601323078322,0.7117187761561993,0.6493974127111684,0.7079053397068199,0.7216642754662841,0.827116212338594,0.7337662337662337,0.8441558441558441
149,0.6486184161820481,0.7114076867581793,0.6512664224199552,0.7069863954088428,0.7015781922525107,0.8436154949784792,0.7012987012987013,0.8636363636363636
150,0.6371162804872018,0.7180281521870977,0.6397749095810196,0.7183008567782807,0.7517934002869441,0.7833572453371592,0.7727272727272727,0.7857142857142857
151,0.6445566726401133,0.7101988033195707,0.6469092504366543,0.7104458226216248,0.7252510760401721,0.8407460545193687,0.7272727272727273,0.8311688311688312
152,0.6505390110142686,0.7048841350426214,0.6533568323010045,0.7049107177554826,0.6994261119081779,0.8672883787661406,0.7012987012987013,0.8636363636363636
153,0.6471288411375081,0.7109579793818264,0.649729552388814,0.708108038410977,0.7022955523672884,0.8565279770444764,0.7077922077922078,0.8636363636363636
154,0.6588447617140047,0.7041802815181183,0.6602385880055655,0.6969620891873631,0.6979913916786227,0.8428981348637016,0.7012987012987013,0.8636363636363636
155,0.6523213391653493,0.7085166754412875,0.6547279891777552,0.7032259472815153,0.6951219512195121,0.8558106169296987,0.6883116883116883,0.8701298701298701
156,0.6423277873727868,0.7136849507412586,0.6447136410853916,0.7127567475700461,0.7252510760401721,0.8206599713055954,0.7402597402597403,0.8246753246753247
157,0.645855431314583,0.7105392654185436,0.6484732430725578,0.7091320023746247,0.7252510760401721,0.827116212338594,0.7337662337662337,0.8181818181818182
158,0.6512949705854659,0.7111377614888493,0.6538519541487261,0.7037216731134821,0.7058823529411765,0.8378766140602583,0.7012987012987013,0.8636363636363636
159,0.652389100837906,0.7028242379469289,0.6548665632410197,0.7027631754068074,0.7101865136298422,0.8464849354375896,0.7077922077922078,0.8571428571428571
160,0.64301530598589,0.7115371741485492,0.645506176859063,0.7121730344406937,0.7187948350071736,0.8357245337159254,0.7337662337662337,0.8441558441558441
161,0.6482331014932392,0.7094713357776186,0.6510298296737267,0.7069041665019794,0.703012912482066,0.851506456241033,0.7012987012987013,0.8636363636363636
162,0.6582014152338642,0.7021089598673439,0.659706017887556,0.6975157442360497,0.7008608321377331,0.8479196556671449,0.7012987012987013,0.8636363636363636
163,0.6433554106286378,0.7135639366320969,0.6457395825870431,0.7117807258945877,0.7159253945480631,0.8385939741750359,0.7272727272727273,0.8441558441558441
164,0.6517331535732623,0.7148833583339685,0.6536725500466276,0.7036352360510331,0.7094691535150646,0.8314203730272597,0.7077922077922078,0.8506493506493507
165,0.6503845230850982,0.7140736022948009,0.6526434860767604,0.7047751262672565,0.7137733142037302,0.8134863701578192,0.7142857142857143,0.8441558441558441
166,0.6387704871592619,0.7165412941833055,0.6419198821367308,0.7162914254044477,0.7532281205164992,0.8134863701578192,0.7597402597402597,0.8051948051948052
167,0.6413607634315841,0.7181381954091803,0.6440261121532961,0.7137614630422582,0.723816355810617,0.8235294117647058,0.7402597402597403,0.8311688311688312
168,0.6396805908657073,0.7190823994491811,0.6424597977314299,0.7156863679524207,0.7345767575322812,0.8228120516499282,0.7467532467532467,0.8116883116883117
169,0.6480496503652923,0.7120000961175983,0.6500156991084699,0.7069013680848696,0.727403156384505,0.8235294117647058,0.7532467532467533,0.8376623376623377
170,0.6417680111803943,0.7186914484892335,0.6442114555362993,0.7137018209074182,0.7345767575322812,0.8034433285509326,0.7402597402597403,0.7987012987012987
171,0.6425612167458388,0.7103972238702153,0.6450536598776402,0.7123627175587417,0.7309899569583931,0.8278335724533716,0.7597402597402597,0.8311688311688312
172,0.649155260208632,0.7133065695398506,0.6517350794088054,0.7060034370793851,0.7037302725968436,0.8378766140602583,0.7012987012987013,0.8636363636363636
173,0.636101026007171,0.7207383772354676,0.6392122900534878,0.7193364323065303,0.7819225251076041,0.7783357245337159,0.7792207792207793,0.7467532467532467
174,0.6471605666494542,0.7131118037739541,0.6494385275516109,0.7080821558794104,0.7109038737446198,0.830703012912482,0.7142857142857143,0.8571428571428571
175,0.6408003855674068,0.717680561120772,0.6434775647084553,0.7143089912034426,0.736728837876614,0.8055954088952654,0.7597402597402597,0.8246753246753247
176,0.6436835992308925,0.7136762538442809,0.6460670584904938,0.7113391860885672,0.7195121951219512,0.8335724533715926,0.7337662337662337,0.8376623376623377
177,0.6510952761071431,0.7085749584342174,0.6533720665159076,0.7040863247715212,0.7051649928263989,0.8407460545193687,0.7012987012987013,0.8506493506493507
178,0.6423675083494725,0.7135825692295724,0.6450936039795966,0.7129758503035354,0.727403156384505,0.8342898134863702,0.7337662337662337,0.8181818181818182
179,0.651674816555736,0.7063050002692844,0.6536121474908799,0.7036484890098993,0.7144906743185079,0.8414634146341463,0.7142857142857143,0.8441558441558441
180,0.6479884331411015,0.7069385835242786,0.6502303740265498,0.7073143184317143,0.7101865136298422,0.8486370157819225,0.7142857142857143,0.8506493506493507
181,0.648221070281498,0.7095210838509725,0.6499889703717407,0.7068964908424946,0.7252510760401721,0.830703012912482,0.7467532467532467,0.8376623376623377
182,0.6474840860474691,0.7125558732229357,0.6501008564965217,0.7074815429181449,0.7159253945480631,0.8285509325681492,0.7142857142857143,0.8441558441558441
183,0.6542635202526709,0.702820710486443,0.656049436221358,0.7008992973114542,0.7087517934002869,0.8443328550932568,0.7077922077922078,0.8506493506493507
184,0.6440483443676519,0.7168615804035287,0.6474375865148521,0.7116393907923022,0.757532281205165,0.7898134863701578,0.7337662337662337,0.7922077922077922
185,0.6484298989727103,0.7088383239164942,0.6512025176677884,0.7064945358097902,0.7080344332855093,0.8565279770444764,0.7077922077922078,0.8636363636363636
186,0.6498023526357378,0.7085107196742134,0.6527098728170215,0.7056922862349166,0.6951219512195121,0.8687230989956959,0.6883116883116883,0.8766233766233766
187,0.641984412811794,0.7189001191415556,0.6451749142118133,0.7133782812092765,0.7137733142037302,0.832855093256815,0.7077922077922078,0.8441558441558441
188,0.6435554683004615,0.7113064003359859,0.6458591480662055,0.7117077694164861,0.7202295552367288,0.8450502152080345,0.7272727272727273,0.8311688311688312
189,0.645079518454401,0.7146450580957308,0.6477415069640118,0.7102498032701898,0.7109038737446198,0.8414634146341463,0.7142857142857143,0.8506493506493507
190,0.6418306329938595,0.7126870424173141,0.6441483117417287,0.713185768549296,0.7338593974175036,0.830703012912482,0.7532467532467533,0.8181818181818182
191,0.6432830844214747,0.7102234763563012,0.6459507318735367,0.7117099085628412,0.7073170731707317,0.8565279770444764,0.7142857142857143,0.8506493506493507
192,0.6304344669186965,0.7252225776269016,0.6339699723670336,0.72525653928862,0.8084648493543759,0.6951219512195121,0.7922077922077922,0.6688311688311688
193,0.6427840484225794,0.716827370075356,0.645641534923165,0.7123404135951493,0.7302725968436155,0.8084648493543759,0.7402597402597403,0.8116883116883117
194,0.6440752913173076,0.7153054892089638,0.6463070058073108,0.71090845867419,0.7395982783357246,0.8070301291248206,0.7532467532467533,0.8311688311688312
195,0.6468612493361982,0.7094292232742493,0.6496846127434789,0.7081167882322488,0.7051649928263989,0.8500717360114778,0.7077922077922078,0.8571428571428571
196,0.6405400592908831,0.7138971095849499,0.6431153123598056,0.7144684236467157,0.7388809182209469,0.8321377331420373,0.7532467532467533,0.8116883116883117
197,0.6416557914509531,0.7157409033865182,0.644818543517381,0.7134109203941232,0.7388809182209469,0.8235294117647058,0.7402597402597403,0.8181818181818182
198,0.6400254079719221,0.719988412668532,0.6426449639234505,0.7147235850645273,0.7482065997130559,0.7991391678622669,0.7597402597402597,0.8116883116883117
199,0.6445443569041276,0.7158284529800293,0.6471340863641186,0.7105115685901325,0.7209469153515065,0.8220946915351507,0.7272727272727273,0.8376623376623377
200,0.6541853806446314,0.702173437280495,0.6567726318521312,0.7012920774237179,0.693687230989957,0.8730272596843616,0.6883116883116883,0.8701298701298701
201,0.6454154021002486,0.708880715004627,0.6481281886757159,0.7093202640657675,0.7180774748923959,0.8450502152080345,0.7207792207792207,0.8441558441558441
202,0.6547698561441921,0.7047914268915435,0.6571123909055103,0.7003392865655118,0.7051649928263989,0.8414634146341463,0.7077922077922078,0.8571428571428571
203,0.6404848294522596,0.7093409566680184,0.6428871365513327,0.7147493394241847,0.7503586800573888,0.8127690100430416,0.7597402597402597,0.7792207792207793
204,0.6482391449592129,0.707051145437123,0.6510470697924587,0.7069083672690337,0.706599713055954,0.851506456241033,0.7012987012987013,0.8571428571428571
205,0.6538429897224965,0.7050153081482754,0.6562213214364302,0.7012682626597146,0.6994261119081779,0.8529411764705882,0.7012987012987013,0.8636363636363636
206,0.6507193298188689,0.7122448822394729,0.6530760874601161,0.7043777485112522,0.7116212338593975,0.8285509325681492,0.7077922077922078,0.8506493506493507
207,0.6417574184942286,0.7174972416701956,0.6445848787778766,0.713361781985582,0.7295552367288379,0.8163558106169297,0.7467532467532467,0.8311688311688312
208,0.6400012490518296,0.7168736646719945,0.6429306298691524,0.7150576995289611,0.7345767575322812,0.8134863701578192,0.7597402597402597,0.8246753246753247
209,0.6463987932120745,0.7134875918742354,0.6494172940260636,0.7086516744856144,0.7058823529411765,0.8421807747489239,0.7012987012987013,0.8636363636363636
210,0.6497887882225127,0.7111255193817277,0.6525797151164243,0.7053836438653465,0.706599713055954,0.8436154949784792,0.7077922077922078,0.8636363636363636
211,0.6484164766377347,0.7112386891524476,0.6512690422998413,0.7069756756223691,0.6951219512195121,0.8579626972740315,0.6948051948051948,0.8766233766233766
212,0.6506394373588197,0.7047084031247057,0.6524529751146252,0.7045649150687121,0.7159253945480631,0.8414634146341463,0.7207792207792207,0.8376623376623377
213,0.6507048436922497,0.7081492895642606,0.6532946897200339,0.7046786206368728,0.6994261119081779,0.8565279770444764,0.7012987012987013,0.8636363636363636
214,0.6605011277529895,0.7016931460689343,0.6621582978457885,0.6952230397367024,0.7001434720229556,0.851506456241033,0.7012987012987013,0.8636363636363636
215,0.6554571064975622,0.7049594369564075,0.6572342629785906,0.6998625060271819,0.7166427546628408,0.8314203730272597,0.7272727272727273,0.8441558441558441
216,0.6452039023844831,0.7120750477593795,0.6479706714319603,0.7098893033839917,0.7080344332855093,0.8536585365853658,0.7077922077922078,0.8506493506493507
217,0.649110074062606,0.7126198597829323,0.6508707570465447,0.7059313567418503,0.723816355810617,0.8228120516499282,0.7467532467532467,0.8376623376623377
218,0.6455177010629376,0.7092419787290631,0.6478399392436542,0.7095973959486379,0.727403156384505,0.8357245337159254,0.7337662337662337,0.8376623376623377
219,0.6556912124224628,0.700897725418099,0.6576683151229896,0.6997479204982091,0.7094691535150646,0.8486370157819225,0.7077922077922078,0.8506493506493507
220,0.6448260912338358,0.7137243913273218,0.6471442604118655,0.7103346706328022,0.7259684361549498,0.8177905308464849,0.7402597402597403,0.8311688311688312
221,0.6499425170578116,0.7064043966465584,0.6519703986263959,0.7051773669200155,0.7209469153515065,0.8385939741750359,0.7337662337662337,0.8376623376623377
222,0.6533442039872607,0.7072737303383355,0.6549343608735959,0.7018313443701522,0.7180774748923959,0.8350071736011477,0.7207792207792207,0.8441558441558441
223,0.6445400399542156,0.712684759915576,0.6472478793562542,0.7107506052916115,0.7252510760401721,0.8292682926829268,0.7142857142857143,0.8246753246753247
224,0.6524843798444223,0.705888006358742,0.654992018087975,0.7030188089537609,0.6979913916786227,0.8680057388809183,0.6883116883116883,0.8701298701298701
225,0.6501764240734029,0.7070330856532107,0.6521012367393058,0.7049856271667218,0.7195121951219512,0.8436154949784792,0.7337662337662337,0.8376623376623377
226,0.6419749735644874,0.7114182513790005,0.6437700299347305,0.7129549698239448,0.7352941176470589,0.8199426111908178,0.7597402597402597,0.8311688311688312
227,0.6411339375842979,0.717700609973598,0.6434330253291269,0.713817290903246,0.7604017216642754,0.7797704447632712,0.7727272727272727,0.7922077922077922
228,0.6481645040474117,0.7066721749443804,0.650164748747402,0.7068016797821286,0.7281205164992827,0.8335724533715926,0.7532467532467533,0.8311688311688312
229,0.6483197315263667,0.7076950110327076,0.6509678406720777,0.7066963794951696,0.7101865136298422,0.8536585365853658,0.7077922077922078,0.8441558441558441
230,0.6514047295578338,0.7117813565886474,0.6530035669159228,0.703824085133377,0.7144906743185079,0.8292682926829268,0.7272727272727273,0.8441558441558441
231,0.6553716128886661,0.7046743405992272,0.6573004251024798,0.6997676494139472,0.7037302725968436,0.8385939741750359,0.7077922077922078,0.8571428571428571
232,0.6487709214272237,0.7070212383681668,0.6515724907087186,0.7062308230230925,0.703012912482066,0.851506456241033,0.7012987012987013,0.8571428571428571
233,0.6429167511736792,0.7138926335057117,0.6459914649459593,0.7124977737468025,0.7137733142037302,0.8579626972740315,0.7077922077922078,0.8571428571428571
234,0.6433949550608995,0.7179162465448224,0.6462432846333891,0.7114556379557733,0.727403156384505,0.812051649928264,0.7402597402597403,0.8311688311688312
235,0.6498926933611129,0.7044310391072824,0.6524205875863488,0.7050222713856167,0.7109038737446198,0.8421807747489239,0.7077922077922078,0.8506493506493507
236,0.6569835022594708,0.7050315911884273,0.6587308743062891,0.6982458150524058,0.7037302725968436,0.8436154949784792,0.7012987012987013,0.8636363636363636
237,0.6452890950629425,0.7079024583116013,0.6472023043904593,0.7099729638922988,0.7266857962697274,0.8350071736011477,0.7532467532467533,0.8311688311688312
238,0.642765918899208,0.7152519739677707,0.6445457013869357,0.712415997242531,0.7410329985652798,0.8034433285509326,0.7597402597402597,0.8246753246753247
239,0.6479365063509616,0.7075244550320064,0.6505631318923957,0.7074273956306372,0.706599713055954,0.8522238163558106,0.7077922077922078,0.8506493506493507
240,0.6405507444723871,0.7154592841523111,0.6423471038684252,0.7145012481390522,0.7324246771879483,0.8263988522238164,0.7597402597402597,0.8311688311688312
241,0.6400656333149081,0.7164679974749507,0.6427288528888454,0.7149447473216047,0.7525107604017217,0.793400286944046,0.7727272727272727,0.7922077922077922
242,0.6334461827275456,0.720448466605146,0.6367772424379101,0.7218735897338941,0.7625538020086083,0.8005738880918221,0.7662337662337663,0.7857142857142857
243,0.6489761678303647,0.7061758509917447,0.6509157929257171,0.7060812784477299,0.723816355810617,0.8400286944045912,0.7402597402597403,0.8441558441558441
244,0.6442799255576198,0.7130184111729723,0.6470023306728543,0.7110368674290001,0.7101865136298422,0.8507890961262554,0.7077922077922078,0.8571428571428571
245,0.6430657265273667,0.7109107611641375,0.6460357799596207,0.7119091502216454,0.7209469153515065,0.8486370157819225,0.7142857142857143,0.8311688311688312
246,0.6420259770535993,0.7142152746115794,0.6446679730216085,0.7128763160618369,0.7467718794835008,0.8048780487804879,0.7532467532467533,0.7857142857142857
247,0.6407135366209287,0.7156509948967954,0.6433841905341002,0.7141238311765867,0.733142037302726,0.8199426111908178,0.7532467532467533,0.8181818181818182
248,0.6427253451089997,0.7130952641866302,0.6455620291367687,0.7123157985187542,0.7245337159253945,0.8263988522238164,0.7272727272727273,0.8376623376623377
249,0.6481891986380964,0.711199485247614,0.651125517901813,0.7066939565594863,0.706599713055954,0.8371592539454806,0.7077922077922078,0.8506493506493507
250,0.6427692796323268,0.7128614555344517,0.6454785661915455,0.7122425496096756,0.7187948350071736,0.8522238163558106,0.7272727272727273,0.8376623376623377
251,0.6431912405182513,0.7074109123055413,0.6454994866001724,0.7114662403975553,0.7338593974175036,0.836441893830703,0.7597402597402597,0.8311688311688312
252,0.6469302816056886,0.7108943244652247,0.6498990466863785,0.7077994274391309,0.7166427546628408,0.8407460545193687,0.7207792207792207,0.8441558441558441
253,0.6513355475627396,0.7102651754700935,0.6540575641762673,0.7037178722332623,0.7008608321377331,0.8493543758967002,0.7012987012987013,0.8636363636363636
254,0.650393185698786,0.7029624752231213,0.6530420965298914,0.7046158031624328,0.7001434720229556,0.8737446197991392,0.7012987012987013,0.8636363636363636
255,0.640944175888183,0.7163407396636456,0.6438430355479391,0.7142501914804995,0.7209469153515065,0.8436154949784792,0.7272727272727273,0.8376623376623377
256,0.6470156375871943,0.7081097457151451,0.6497529692721061,0.7080830237050322,0.7073170731707317,0.8486370157819225,0.7077922077922078,0.8506493506493507
257,0.6526771880376067,0.7078657542981776,0.6553958537080877,0.7022559643653283,0.7022955523672884,0.8428981348637016,0.7012987012987013,0.8636363636363636
258,0.6414545146479196,0.7125087398725739,0.6450406706496337,0.7139683467434289,0.7345767575322812,0.8378766140602583,0.7012987012987013,0.8181818181818182
259,0.6387620618799693,0.7203304797718909,0.6412248748050045,0.7162376216382561,0.7395982783357246,0.8034433285509326,0.7597402597402597,0.8116883116883117
260,0.646944921891016,0.7096893286299566,0.6502875128055075,0.7081850273819432,0.7015781922525107,0.8637015781922525,0.6948051948051948,0.8636363636363636
261,0.6448927766327522,0.7034792348450035,0.6470803617551684,0.7099118333886958,0.7223816355810617,0.8500717360114778,0.7402597402597403,0.8311688311688312
262,0.6444455468506785,0.7127279955114549,0.6469747271858622,0.7105105363168402,0.7109038737446198,0.8500717360114778,0.7272727272727273,0.8506493506493507
263,0.6545616929295556,0.7082404312615278,0.6565779440396958,0.7010486360978408,0.7015781922525107,0.8321377331420373,0.7077922077922078,0.8636363636363636
264,0.6404620176245733,0.7160684247891661,0.6433036608699342,0.7148633153158678,0.7460545193687231,0.8113342898134863,0.7597402597402597,0.7922077922077922
265,0.6520811293127814,0.7089127847968225,0.6549307909143931,0.7032712749465504,0.6958393113342898,0.8565279770444764,0.6948051948051948,0.8701298701298701
266,0.6457480572771364,0.712825613159622,0.6486023722653546,0.7093816139403554,0.7116212338593975,0.8457675753228121,0.7077922077922078,0.8506493506493507
267,0.6459435578056935,0.7111131378069999,0.6486192248470408,0.7090372273117508,0.7087517934002869,0.851506456241033,0.7142857142857143,0.8506493506493507
268,0.6492248881258394,0.7074678575973196,0.651804310083466,0.7055924688218906,0.7166427546628408,0.8428981348637016,0.7207792207792207,0.8441558441558441
269,0.6444169741937222,0.7149504765289383,0.646995492469071,0.7108876074538674,0.7094691535150646,0.8407460545193687,0.7077922077922078,0.8571428571428571
270,0.6482353912057341,0.7114499328241478,0.6509849347489937,0.7067623971277528,0.7116212338593975,0.8314203730272597,0.7012987012987013,0.8506493506493507
271,0.656894265823881,0.7037709035163858,0.659297550572863,0.6983239838614942,0.693687230989957,0.8486370157819225,0.6948051948051948,0.8701298701298701
272,0.6432322169377553,0.713578300151388,0.645686441909151,0.7118612459244452,0.7180774748923959,0.8400286944045912,0.7337662337662337,0.8506493506493507
273,0.6449118934564755,0.7143059660103667,0.6476563182473747,0.7100885135474719,0.7195121951219512,0.8242467718794835,0.7272727272727273,0.8311688311688312
274,0.6521771429448553,0.7058146513993819,0.6538535007937671,0.7031025963899927,0.712338593974175,0.8443328550932568,0.7207792207792207,0.8506493506493507
275,0.6444459942792503,0.7143316474124497,0.6474758812322624,0.7107888182430794,0.7159253945480631,0.8292682926829268,0.7207792207792207,0.8441558441558441
276,0.6379891780935397,0.7154012415815308,0.6403344519999762,0.7174119912901197,0.7324246771879483,0.8220946915351507,0.7337662337662337,0.7922077922077922
277,0.6447175749568578,0.7137147449845401,0.6466765596016824,0.7102423179331994,0.7281205164992827,0.812051649928264,0.7597402597402597,0.8311688311688312
278,0.6577994224543126,0.7006055522296822,0.6604110733365359,0.6976355274743353,0.6893830703012912,0.8723098995695839,0.6818181818181818,0.8766233766233766
279,0.6459272702110577,0.7127056577104944,0.6484795477794835,0.7089323211662226,0.7180774748923959,0.8242467718794835,0.7337662337662337,0.8376623376623377
280,0.6464091587986567,0.7098723037239688,0.6484829681695368,0.7083552379464815,0.7245337159253945,0.8314203730272597,0.7467532467532467,0.8311688311688312
281,0.6442366219333119,0.7113008432924062,0.6468577031311297,0.7106031774218482,0.7252510760401721,0.8285509325681492,0.7467532467532467,0.8376623376623377
282,0.6497244033445848,0.7105630238784948,0.6524477238871605,0.7050960141836835,0.7087517934002869,0.8428981348637016,0.7012987012987013,0.8571428571428571
283,0.648134329236377,0.7109478135591231,0.6510621718064773,0.7067163628129493,0.7051649928263989,0.8414634146341463,0.7012987012987013,0.8506493506493507
284,0.6511161607904078,0.7087958502542505,0.6537701610161015,0.7039369798493517,0.7015781922525107,0.8472022955523673,0.7012987012987013,0.8636363636363636
285,0.6429850382516906,0.712381537835499,0.6459377492524527,0.7119478316051204,0.7209469153515065,0.8428981348637016,0.7272727272727273,0.8441558441558441
286,0.6340887939713548,0.7173776358401852,0.6372307762799229,0.7210777391160721,0.7804878048780488,0.7769010043041606,0.7727272727272727,0.7662337662337663
287,0.6537335790318228,0.7046190218054942,0.6561322092514644,0.7013676946301676,0.6987087517934003,0.8522238163558106,0.7012987012987013,0.8636363636363636
288,0.6469444003723629,0.710776701416631,0.6489124696374378,0.7082318447854379,0.7223816355810617,0.8220946915351507,0.7402597402597403,0.8376623376623377
289,0.6447755143785846,0.7153388073613636,0.6478901500962109,0.710323926472263,0.7159253945480631,0.8472022955523673,0.7012987012987013,0.8311688311688312
290,0.647234380208851,0.7093852101806679,0.6500161658987617,0.7079866342076717,0.7080344332855093,0.8443328550932568,0.7012987012987013,0.8571428571428571
291,0.6552082202424951,0.7054737979876771,0.6577281841006947,0.6999813161061531,0.7001434720229556,0.8472022955523673,0.7012987012987013,0.8636363636363636
292,0.6490069715735546,0.7139436718026712,0.6515317255632538,0.7059053149375111,0.7094691535150646,0.8285509325681492,0.7077922077922078,0.8506493506493507
293,0.6460228851523758,0.7134629297888091,0.6489350152268916,0.7089639603788376,0.7166427546628408,0.830703012912482,0.7142857142857143,0.8441558441558441
294,0.6453083795239933,0.710079817812102,0.6481953592359054,0.7094765478897214,0.7195121951219512,0.8464849354375896,0.7207792207792207,0.8311688311688312
295,0.641660365118196,0.7108259420592709,0.644341110819375,0.7129685823346785,0.7288378766140603,0.8321377331420373,0.7597402597402597,0.8311688311688312
296,0.6526947477220878,0.7035141551376503,0.6547693306316837,0.7024807006159811,0.706599713055954,0.8436154949784792,0.7077922077922078,0.8636363636363636
297,0.6380623765990769,0.7180862070292587,0.6416432064192047,0.7177623869014427,0.7898134863701578,0.7532281205164992,0.7662337662337663,0.7142857142857143
298,0.6595579970231614,0.6989856912794529,0.6611992496525566,0.6958861194856458,0.6951219512195121,0.8579626972740315,0.6948051948051948,0.8701298701298701
299,0.6459394178875683,0.711680515387169,0.6483249401059864,0.7091202656728426,0.7180774748923959,0.8314203730272597,0.7272727272727273,0.8311688311688312
300,0.64327623436495,0.7161224617803368,0.6461261564395705,0.7119473768137726,0.7195121951219512,0.830703012912482,0.7272727272727273,0.8506493506493507
301,0.6455929015200826,0.7057740238921524,0.6486208588791625,0.7092747145514733,0.7223816355810617,0.8472022955523673,0.7337662337662337,0.8441558441558441
302,0.6415565547100022,0.7148671519765091,0.6439385211524349,0.7134725671810984,0.7345767575322812,0.8077474892395983,0.7597402597402597,0.8246753246753247
303,0.6506653421339723,0.708919868127162,0.652807426051208,0.7048302178875974,0.7008608321377331,0.8464849354375896,0.6948051948051948,0.8701298701298701
304,0.6505538074252978,0.70688723877934,0.6530482022434371,0.704630756086215,0.6987087517934003,0.8565279770444764,0.6948051948051948,0.8766233766233766
305,0.6424315995047365,0.71601542867092,0.6451260625369111,0.7126670988598405,0.7266857962697274,0.8213773314203731,0.7597402597402597,0.8311688311688312
306,0.6554941425692661,0.7049954591013573,0.657893212737427,0.6996809456290356,0.7015781922525107,0.8522238163558106,0.7012987012987013,0.8636363636363636
307,0.6521513646770833,0.7067838763623788,0.6546417697051651,0.703186382615845,0.7144906743185079,0.8314203730272597,0.7142857142857143,0.8441558441558441
308,0.6558828085928641,0.7026309546272143,0.6580919743738534,0.6992438648862546,0.6987087517934003,0.8536585365853658,0.7012987012987013,0.8636363636363636
309,0.6415430054269082,0.7145090224102862,0.6435453262203981,0.713448463970966,0.7324246771879483,0.8156384505021521,0.7597402597402597,0.8311688311688312
310,0.641404316674386,0.7118657680488772,0.644294058887378,0.713361327777835,0.7295552367288379,0.8421807747489239,0.7207792207792207,0.8181818181818182
311,0.6355814482163408,0.7205034437077668,0.638660004119564,0.7197804286739681,0.7740315638450502,0.7804878048780488,0.7597402597402597,0.7467532467532467
312,0.6373207779402215,0.7185881324369839,0.6400253156996996,0.7175780689000543,0.7281205164992827,0.8213773314203731,0.7597402597402597,0.8311688311688312
313,0.6450280304405285,0.710651054504725,0.6478719572036196,0.7101614829834421,0.706599713055954,0.8421807747489239,0.7077922077922078,0.8571428571428571
314,0.6470499405088306,0.7133507501583228,0.6497365790320275,0.7078581727163892,0.7037302725968436,0.8436154949784792,0.7012987012987013,0.8571428571428571
315,0.6529532957626434,0.7060562679421978,0.6556425044673165,0.7022951944860097,0.7001434720229556,0.8536585365853658,0.7012987012987013,0.8636363636363636
316,0.6496053878940599,0.7022276206949762,0.6518529600700903,0.7053797522546261,0.7159253945480631,0.8500717360114778,0.7337662337662337,0.8441558441558441
317,0.6352267448132857,0.7164159154488757,0.6378666028928297,0.7199624242486097,0.7510760401721664,0.8185078909612625,0.7597402597402597,0.7857142857142857
318,0.6414351872339302,0.7099525049301083,0.6443393437993742,0.7134644315167141,0.7180774748923959,0.8536585365853658,0.7142857142857143,0.8376623376623377
319,0.646442251568223,0.7102002324237104,0.6484424755121486,0.7084543470080419,0.7187948350071736,0.8357245337159254,0.7337662337662337,0.8376623376623377
320,0.6516981640178323,0.7079007498801685,0.6535280819151735,0.7034015020134372,0.7037302725968436,0.8486370157819225,0.7012987012987013,0.8636363636363636
321,0.6474222050019781,0.7137937912368555,0.649915796254073,0.7076737456060388,0.7223816355810617,0.8134863701578192,0.7402597402597403,0.8311688311688312
322,0.6399189182298771,0.7195913819027272,0.6426393375079417,0.7150938993152018,0.7446197991391679,0.8005738880918221,0.7597402597402597,0.8311688311688312
323,0.6517245400886081,0.7108309822202372,0.6543285310680083,0.7031402075922271,0.7087517934002869,0.832855093256815,0.7012987012987013,0.8506493506493507
324,0.649029597881482,0.707844828901478,0.6512584264509973,0.7056993016876151,0.7202295552367288,0.8371592539454806,0.7272727272727273,0.8441558441558441
325,0.6425639154420072,0.7110787431596226,0.64490896191216,0.7121096961201142,0.7352941176470589,0.8235294117647058,0.7597402597402597,0.8311688311688312
326,0.6473934624335816,0.7141747070611314,0.6494835425760814,0.7075708250161814,0.7202295552367288,0.8192252510760402,0.7402597402597403,0.8311688311688312
327,0.6442784598207356,0.7167133359520163,0.6472907123458304,0.7108647174730368,0.7209469153515065,0.8235294117647058,0.7142857142857143,0.8376623376623377
328,0.645479310587363,0.7122207869470027,0.6486261869198487,0.7095908965119638,0.7101865136298422,0.8472022955523673,0.7012987012987013,0.8636363636363636
329,0.6579727953449103,0.7048173434892416,0.6602805884331225,0.6972797498734904,0.7015781922525107,0.8414634146341463,0.7012987012987013,0.8636363636363636
330,0.6542902860221094,0.7080110781348826,0.6567395527245664,0.7007353235984436,0.7144906743185079,0.8228120516499282,0.7207792207792207,0.8441558441558441
331,0.6475521310582762,0.7108828785892168,0.6502184313963176,0.7075061175549563,0.7116212338593975,0.8393113342898135,0.7142857142857143,0.8441558441558441
332,0.6503297721829339,0.710675668908317,0.652648572776077,0.7046910312461276,0.7044476327116213,0.8400286944045912,0.7077922077922078,0.8636363636363636
333,0.6439639067137543,0.7138471631818749,0.6463614971763353,0.7106868616737981,0.7281205164992827,0.8142037302725968,0.7597402597402597,0.8311688311688312
334,0.6484379586453091,0.7119150469193639,0.6506925115829929,0.7064275874151967,0.723816355810617,0.8206599713055954,0.7532467532467533,0.8311688311688312
335,0.6425358488664844,0.7185023405137054,0.6454821236205392,0.712578730616495,0.7560975609756098,0.7883787661406025,0.7662337662337663,0.7922077922077922
336,0.6417995990100205,0.7146934755267502,0.644317060805902,0.7132104378988389,0.7360114777618364,0.8149210903873745,0.7597402597402597,0.8246753246753247
337,0.6475273423900136,0.7132201285481881,0.6498930786852952,0.7077709882878493,0.7087517934002869,0.8393113342898135,0.7142857142857143,0.8571428571428571
338,0.6529494212365936,0.7061087036929928,0.6554184552343435,0.7022620614410614,0.7015781922525107,0.8428981348637016,0.7012987012987013,0.8636363636363636
339,0.6528855503836997,0.704268138684195,0.655160127523188,0.7022791507505141,0.7001434720229556,0.8615494978479197,0.7012987012987013,0.8636363636363636
340,0.6377864180038041,0.7154464673717776,0.6403304397277838,0.7175513960486457,0.7589670014347202,0.7977044476327116,0.7727272727272727,0.7857142857142857
341,0.6443224166055397,0.7139300501790944,0.6469157432738531,0.7111390397073458,0.7144906743185079,0.8486370157819225,0.7142857142857143,0.8506493506493507
342,0.6430547765665691,0.7180642570332851,0.6455845518188013,0.7120395860192764,0.7309899569583931,0.8077474892395983,0.7402597402597403,0.8311688311688312
343,0.649838709185764,0.7141615123594188,0.6522644526083483,0.7053208121911505,0.7073170731707317,0.8321377331420373,0.7012987012987013,0.8636363636363636
344,0.6395619245987917,0.7207919145119726,0.6424107252060425,0.7157060808034631,0.7474892395982783,0.8048780487804879,0.7402597402597403,0.7987012987012987
345,0.6527585449215559,0.7052405766580596,0.6552412886367567,0.7024804739862865,0.6929698708751794,0.866571018651363,0.6948051948051948,0.8766233766233766
346,0.6448511278082403,0.7118654091494041,0.6474986843027569,0.7103380528253843,0.7159253945480631,0.8421807747489239,0.7142857142857143,0.8506493506493507
347,0.6361922931703318,0.716444758276895,0.6393609329379996,0.7192561846931795,0.763271162123386,0.7905308464849354,0.7532467532467533,0.7727272727272727
348,0.639015531567886,0.7170821508951343,0.6419174464701154,0.716143778060363,0.7223816355810617,0.8385939741750359,0.7207792207792207,0.8376623376623377
349,0.6472820229579133,0.7133207240199609,0.6501791573503864,0.7076982941036223,0.7094691535150646,0.8335724533715926,0.7077922077922078,0.8506493506493507
350,0.6430577196428204,0.7196231447443405,0.6459533834195778,0.7119921665075643,0.712338593974175,0.832855093256815,0.7077922077922078,0.8571428571428571
351,0.6414814164999302,0.7163369972080109,0.6441160232286354,0.7135875128803516,0.7266857962697274,0.8342898134863702,0.7402597402597403,0.8376623376623377
352,0.6373869339794905,0.7215911215790813,0.6402342421244618,0.7177497270515913,0.7697274031563845,0.7582496413199427,0.7727272727272727,0.7532467532467533
353,0.6497986872583175,0.7094636627813332,0.6516480891342249,0.7052022636153554,0.7245337159253945,0.8263988522238164,0.7467532467532467,0.8311688311688312
354,0.6526759303658093,0.7038747956048522,0.6550657530628852,0.7022082321272761,0.7159253945480631,0.8436154949784792,0.7207792207792207,0.8441558441558441
355,0.6490406387639233,0.7092380107574232,0.6512705120189213,0.7056631357021484,0.7266857962697274,0.8192252510760402,0.7467532467532467,0.8311688311688312
356,0.652980812180506,0.7083617710271789,0.6551070947671039,0.702161101721827,0.7087517934002869,0.8393113342898135,0.7077922077922078,0.8506493506493507
357,0.6452753983780681,0.7101873034250455,0.6479110460387469,0.7098244811961281,0.7180774748923959,0.8385939741750359,0.7272727272727273,0.8311688311688312
358,0.6524936037495341,0.7056701743596674,0.6547204627177645,0.702463051383222,0.7109038737446198,0.8436154949784792,0.7012987012987013,0.8441558441558441
359,0.641953265546635,0.7154435706652225,0.6449230881398186,0.7131260695630389,0.7180774748923959,0.8371592539454806,0.7142857142857143,0.8441558441558441
360,0.6427584221052518,0.7117901482810824,0.6455168819969864,0.7123153202038393,0.7216642754662841,0.8428981348637016,0.7272727272727273,0.8376623376623377
361,0.640483478608945,0.7118323361767268,0.6432072134419387,0.7144935457793473,0.736728837876614,0.8350071736011477,0.7597402597402597,0.8311688311688312
362,0.6449092851341296,0.7137568928520586,0.6472527469394932,0.7099589446884381,0.723816355810617,0.8299856527977044,0.7532467532467533,0.8376623376623377
363,0.6470946763290588,0.7126837885194217,0.6489576425030752,0.7080354844985514,0.7309899569583931,0.8321377331420373,0.7467532467532467,0.8376623376623377
364,0.6462108944592269,0.7105900725287232,0.6488136504011819,0.7086032525970174,0.7195121951219512,0.836441893830703,0.7272727272727273,0.8441558441558441
365,0.6473388010124383,0.714381148828764,0.65011414789586,0.7080356028801241,0.7001434720229556,0.8414634146341463,0.7077922077922078,0.8636363636363636
366,0.6487771475178145,0.7108461931983118,0.6509814080427441,0.7062765688306404,0.7144906743185079,0.8357245337159254,0.7272727272727273,0.8441558441558441
367,0.6459922193928078,0.7090560793749151,0.6485378071614137,0.7091276783399646,0.712338593974175,0.8443328550932568,0.7207792207792207,0.8506493506493507
368,0.6404256540020676,0.7139070430950437,0.6431110638872537,0.7147074517173676,0.7216642754662841,0.8292682926829268,0.7337662337662337,0.8311688311688312
369,0.6489420106327529,0.7073936467270947,0.6508592745784102,0.7060651860068389,0.7266857962697274,0.8278335724533716,0.7467532467532467,0.8311688311688312
370,0.6449649796846334,0.7080799830505197,0.647255930487595,0.7100454396231173,0.7202295552367288,0.8579626972740315,0.7402597402597403,0.8376623376623377
371,0.6424606211983828,0.7132709868054433,0.6450476906568884,0.7124974460859387,0.7202295552367288,0.8450502152080345,0.7337662337662337,0.8376623376623377
372,0.6436008521724582,0.7125319555504273,0.6460799937246606,0.7110819496951719,0.7216642754662841,0.8321377331420373,0.7337662337662337,0.8311688311688312
373,0.6465545794739946,0.7119916574176336,0.6492346870965922,0.7083052053262585,0.7116212338593975,0.836441893830703,0.7077922077922078,0.8441558441558441
374,0.6458320917756554,0.7152514455318023,0.648846397204886,0.7089670360167445,0.7116212338593975,0.8235294117647058,0.7142857142857143,0.8571428571428571
375,0.6429763480391786,0.7185240208862295,0.64556906314232,0.7120246553844408,0.7266857962697274,0.812051649928264,0.7337662337662337,0.8311688311688312
376,0.6483964970184789,0.7078955651113138,0.6512023476106618,0.7070610122862793,0.7051649928263989,0.8615494978479197,0.7012987012987013,0.8636363636363636
377,0.6534350691055262,0.7043986077706402,0.6562163192678928,0.7016637400301167,0.6987087517934003,0.8558106169296987,0.7012987012987013,0.8636363636363636
378,0.6473680510323218,0.7107035071390867,0.650244176666498,0.7077359429245803,0.7116212338593975,0.8464849354375896,0.7012987012987013,0.8376623376623377
379,0.6479236888538367,0.7109380327141732,0.6499195680220853,0.7068365379732194,0.7195121951219512,0.8400286944045912,0.7337662337662337,0.8311688311688312
380,0.6411368703980563,0.717288082674341,0.6438083638010348,0.7138292610881181,0.7266857962697274,0.8263988522238164,0.7467532467532467,0.8311688311688312
381,0.6497313783445688,0.70901808596565,0.6521551915241243,0.7050620113139247,0.712338593974175,0.827116212338594,0.7077922077922078,0.8506493506493507
382,0.6431149274859043,0.7101812366370519,0.645547334192412,0.7116018507186198,0.7295552367288379,0.8285509325681492,0.7532467532467533,0.8311688311688312
383,0.6431359440708518,0.7180885124117429,0.6460103830065826,0.7119456864540471,0.7539454806312769,0.7819225251076041,0.7467532467532467,0.7662337662337663
384,0.6508193224274197,0.7073301449813564,0.6531709108595962,0.7042449980840395,0.7137733142037302,0.8407460545193687,0.7077922077922078,0.8441558441558441
385,0.642685256352552,0.713217260581318,0.6453827891071013,0.7121695740405475,0.7302725968436155,0.8228120516499282,0.7597402597402597,0.8311688311688312
386,0.6531900486358424,0.7052096198426221,0.6554737402319476,0.7018500282588463,0.7087517934002869,0.8500717360114778,0.7012987012987013,0.8506493506493507
387,0.6488324491208115,0.7110975109006442,0.651071567125473,0.7061542831313619,0.7223816355810617,0.8235294117647058,0.7467532467532467,0.8311688311688312
388,0.6522008975080716,0.7055456623631366,0.6542207581659378,0.7028953669346616,0.7166427546628408,0.8436154949784792,0.7272727272727273,0.8441558441558441
389,0.6463915847699706,0.711683406659642,0.6485802418510884,0.7086864665769697,0.7195121951219512,0.8278335724533716,0.7272727272727273,0.8311688311688312
390,0.6481670208351541,0.7089623530895712,0.6511468068992294,0.706959458736642,0.7166427546628408,0.8550932568149211,0.7077922077922078,0.8376623376623377
391,0.641791300882457,0.7182305695931183,0.6443104743868114,0.7132120623022488,0.7410329985652798,0.8020086083213773,0.7597402597402597,0.8051948051948052
392,0.6463252880471204,0.7159374524136753,0.649152711385839,0.7086995708627083,0.7130559540889526,0.8292682926829268,0.7077922077922078,0.8441558441558441
393,0.6467529944000867,0.7065343170064617,0.6495399921031251,0.7081025385311981,0.7152080344332855,0.8464849354375896,0.7207792207792207,0.8441558441558441
394,0.6444256390751845,0.7097374291798398,0.6474525609454008,0.7107180327732179,0.7051649928263989,0.866571018651363,0.7012987012987013,0.8636363636363636
395,0.6412611657706702,0.7069370213240898,0.6440824894449956,0.7138586330827554,0.7152080344332855,0.8715925394548063,0.7142857142857143,0.8441558441558441
396,0.6370571736235807,0.718505737615996,0.6398729021105957,0.7179484164422173,0.7517934002869441,0.796987087517934,0.7597402597402597,0.8181818181818182
397,0.6451237989722665,0.7101701073418967,0.6474779682136165,0.709839381293917,0.7245337159253945,0.8278335724533716,0.7532467532467533,0.8311688311688312
398,0.6440981038103738,0.7146666628551972,0.6471463491004191,0.7111284715991927,0.7152080344332855,0.8393113342898135,0.7077922077922078,0.8441558441558441
399,0.6458410711632473,0.7120538985316994,0.6484082380342966,0.7093889852609973,0.7087517934002869,0.8500717360114778,0.7077922077922078,0.8506493506493507
400,0.651950580217348,0.7080761517331674,0.6539946378015229,0.7030828442223065,0.7144906743185079,0.8314203730272597,0.7142857142857143,0.8441558441558441
401,0.6463700629540957,0.7082884112839888,0.6487083290994357,0.7085491133212958,0.7137733142037302,0.8486370157819225,0.7142857142857143,0.8506493506493507
402,0.6586246873614694,0.7026544124057104,0.6605037076379989,0.6967210115018356,0.6965566714490674,0.8536585365853658,0.6948051948051948,0.8701298701298701
403,0.6466804115627361,0.7135037998152637,0.6491714710477703,0.7087400180446468,0.7073170731707317,0.8400286944045912,0.7142857142857143,0.8571428571428571
404,0.6376334266367228,0.720620028986018,0.6403362756919261,0.7177422552492053,0.7539454806312769,0.7941176470588235,0.7597402597402597,0.7857142857142857
405,0.6443946872804739,0.7107156387949607,0.6467649459176236,0.7103713974094946,0.7259684361549498,0.827116212338594,0.7467532467532467,0.8376623376623377
406,0.6561494162120325,0.706371013285034,0.658397452886501,0.6991943069193307,0.7015781922525107,0.8443328550932568,0.7012987012987013,0.8636363636363636
407,0.6471720724229871,0.7112989327210459,0.6494614255434256,0.7078553790629807,0.7195121951219512,0.8342898134863702,0.7142857142857143,0.8506493506493507
408,0.6458738067109282,0.7097251025566482,0.6486238660441275,0.7090240208263326,0.7137733142037302,0.8400286944045912,0.7207792207792207,0.8441558441558441
409,0.64015146405895,0.7154894970072594,0.6426996897265534,0.714850314401463,0.7546628407460545,0.8055954088952654,0.7727272727272727,0.7922077922077922
410,0.648256383782024,0.7109400599712888,0.6505629765873137,0.7067140835109778,0.7216642754662841,0.8256814921090387,0.7337662337662337,0.8376623376623377
411,0.6409310323582673,0.7121480910821253,0.6438290920034737,0.7138640713543594,0.7496413199426112,0.8005738880918221,0.7597402597402597,0.7922077922077922
412,0.6352416000761679,0.7223456963662427,0.6386568825726467,0.7204896473907985,0.7769010043041606,0.7496413199426112,0.7662337662337663,0.7402597402597403
413,0.6501585308422854,0.7047450821792818,0.6527293853656202,0.7049329281012534,0.6965566714490674,0.8680057388809183,0.6948051948051948,0.8701298701298701
414,0.6488133308983354,0.7116129230628697,0.6515586676841844,0.7063305090009122,0.7001434720229556,0.8543758967001435,0.7012987012987013,0.8636363636363636
415,0.6519611509653894,0.7050387684545264,0.654652573267414,0.7031926179219959,0.6958393113342898,0.8615494978479197,0.6948051948051948,0.8701298701298701
416,0.6458682291225453,0.714659871276109,0.6480637509936257,0.7090243246020521,0.7245337159253945,0.8113342898134863,0.7532467532467533,0.8311688311688312
417,0.6420201727769334,0.7107850734930354,0.6447037302861587,0.7132054099465237,0.7245337159253945,0.8335724533715926,0.7337662337662337,0.8506493506493507
418,0.6480841787026058,0.7098175574509513,0.6499610012891097,0.7069592194151055,0.7209469153515065,0.8400286944045912,0.7337662337662337,0.8376623376623377
419,0.6464544316273556,0.7090387904200077,0.6488596929384738,0.7086162714027447,0.7216642754662841,0.8393113342898135,0.7207792207792207,0.8311688311688312
420,0.6391997666441486,0.7107626061810586,0.6423216889838422,0.7162408553913466,0.7216642754662841,0.8558106169296987,0.7142857142857143,0.8181818181818182
421,0.6295459197432497,0.7197198284585833,0.6328905631189089,0.7259040357157043,0.8041606886657102,0.7324246771879483,0.7857142857142857,0.7012987012987013
422,0.6372886070014863,0.7159259413514775,0.6403844489532826,0.7176355969322749,0.7403156384505022,0.8213773314203731,0.7532467532467533,0.7987012987012987
423,0.6328597019984228,0.7210657408916225,0.6357601988587881,0.722206336713666,0.7589670014347202,0.8163558106169297,0.7532467532467533,0.8051948051948052
424,0.644086231619843,0.7116806087405094,0.646644572517586,0.7107378361520926,0.7209469153515065,0.8443328550932568,0.7272727272727273,0.8441558441558441
425,0.6516757948748926,0.7051041714122157,0.6538014342538814,0.7036446055498865,0.7001434720229556,0.866571018651363,0.7012987012987013,0.8636363636363636
426,0.6518182075118012,0.7091757989087307,0.6542176132911353,0.7031501271148006,0.7094691535150646,0.8385939741750359,0.7012987012987013,0.8506493506493507
427,0.6445888515036203,0.7120547956241308,0.6472203476646633,0.7102960046969686,0.712338593974175,0.8493543758967002,0.7207792207792207,0.8441558441558441
428,0.6393757640683744,0.7154467392644288,0.6419305289963718,0.7157092222703885,0.7266857962697274,0.8263988522238164,0.7467532467532467,0.8311688311688312
429,0.6464197920071592,0.7149797958496298,0.6498867853836432,0.7088628407261812,0.7252510760401721,0.830703012912482,0.7012987012987013,0.8246753246753247
430,0.6443568600477992,0.7149546245689716,0.6474467574451657,0.711362582236522,0.7525107604017217,0.7883787661406025,0.7402597402597403,0.7727272727272727
431,0.6395127983339407,0.7150286611188001,0.6423446291304771,0.7156853506444923,0.7525107604017217,0.8048780487804879,0.7662337662337663,0.7857142857142857
432,0.6383830790623235,0.7172070049623225,0.6413405591191211,0.7166488831471148,0.7395982783357246,0.8163558106169297,0.7597402597402597,0.8116883116883117
433,0.6515199327754724,0.7040706700283327,0.6539019085044823,0.7036056412483287,0.7015781922525107,0.8529411764705882,0.7012987012987013,0.8636363636363636
434,0.6537233875417147,0.7057440686286496,0.6553249561010238,0.7014636651979896,0.7058823529411765,0.8371592539454806,0.7077922077922078,0.8571428571428571
435,0.6475700539792089,0.7140223939186063,0.6509817591292718,0.7083559589258949,0.6994261119081779,0.8586800573888091,0.6818181818181818,0.8766233766233766
436,0.6584066884940033,0.7034591250029785,0.6595276546136469,0.6969952490575567,0.7173601147776184,0.8263988522238164,0.7142857142857143,0.8376623376623377
437,0.6468169093126226,0.7140033635126594,0.6500076453480452,0.7082813757297559,0.7109038737446198,0.8357245337159254,0.6948051948051948,0.8506493506493507
438,0.6497762382536345,0.7101599535515821,0.6526288062033139,0.7051942854775508,0.712338593974175,0.830703012912482,0.7077922077922078,0.8506493506493507
439,0.6431821076764396,0.7153331650832756,0.6459027279935867,0.7118394223348445,0.7180774748923959,0.8393113342898135,0.7207792207792207,0.8376623376623377
440,0.6492385634270924,0.7062808871329029,0.6516499070055257,0.7060125966665823,0.7044476327116213,0.8543758967001435,0.7077922077922078,0.8636363636363636
441,0.6389654135864116,0.7149676617610616,0.6417498403886401,0.7159553332480872,0.7611190817790531,0.7955523672883787,0.7727272727272727,0.7792207792207793
442,0.6460754462747165,0.7105972376050418,0.6481747519330693,0.7087421150705006,0.7245337159253945,0.8299856527977044,0.7467532467532467,0.8311688311688312
443,0.6429841759246364,0.7188356138035817,0.6455214058028425,0.7120190898167829,0.7216642754662841,0.8228120516499282,0.7207792207792207,0.8246753246753247
444,0.6560138348860747,0.7030206281691489,0.6585884302057934,0.6993361098176398,0.6901004304160688,0.8601147776183644,0.6818181818181818,0.8766233766233766
445,0.6527095311852985,0.7093666939431572,0.6552544226774429,0.7025547998935149,0.7022955523672884,0.8414634146341463,0.6948051948051948,0.8636363636363636
446,0.6406576824427442,0.7150547221372056,0.6435011689371959,0.7146598725067366,0.7245337159253945,0.8393113342898135,0.7142857142857143,0.8246753246753247
447,0.6431302950347183,0.7165510060559327,0.6461156606618317,0.7120726716101458,0.7195121951219512,0.8185078909612625,0.7207792207792207,0.8376623376623377
448,0.6365843494670078,0.7152955015565887,0.6395849533498597,0.7185558419483554,0.7661406025824964,0.7840746054519369,0.7727272727272727,0.7597402597402597
449,0.6360473816994093,0.7149613936105935,0.6387157537210271,0.7190161198457531,0.7604017216642754,0.7991391678622669,0.7727272727272727,0.7857142857142857
450,0.6484727049785112,0.7127559494212594,0.6513477246594154,0.7068058028594637,0.7080344332855093,0.8450502152080345,0.7012987012987013,0.8636363636363636
451,0.6465682356422738,0.7125653356966487,0.6492023667365167,0.7085007411898554,0.7087517934002869,0.8385939741750359,0.7077922077922078,0.8506493506493507
452,0.6435185142807074,0.7124985630229268,0.6457738721232266,0.7113676632719881,0.7288378766140603,0.8220946915351507,0.7597402597402597,0.8311688311688312
453,0.6437996857775332,0.7107128785748134,0.6463199445606991,0.7109115152111005,0.7266857962697274,0.8242467718794835,0.7532467532467533,0.8376623376623377
454,0.645769928954349,0.714180664121714,0.648833741984974,0.7095258311926759,0.7037302725968436,0.8436154949784792,0.7012987012987013,0.8636363636363636
455,0.6381839432561901,0.718318211773077,0.6414984673410793,0.7171548986561831,0.7345767575322812,0.8450502152080345,0.7142857142857143,0.8311688311688312
456,0.6431173888905316,0.7107018097930657,0.6462477934791075,0.711842151514449,0.7144906743185079,0.8550932568149211,0.7077922077922078,0.8441558441558441
457,0.6459961593903812,0.7121941060878119,0.648247701101094,0.708828161413939,0.7223816355810617,0.8242467718794835,0.7467532467532467,0.8311688311688312
458,0.641543901193564,0.7159069394738719,0.6448249731074428,0.7136254947128547,0.7381635581061693,0.8113342898134863,0.7272727272727273,0.8116883116883117
459,0.6387062557954807,0.7172753317727585,0.641610123590136,0.7162257966636427,0.7560975609756098,0.7819225251076041,0.7727272727272727,0.7922077922077922
460,0.6418538936722445,0.7152883226512794,0.6443487386128911,0.7129690005447854,0.7259684361549498,0.8314203730272597,0.7532467532467533,0.8311688311688312
461,0.6469129436161569,0.7148135560571808,0.6494440038934465,0.7083643448069146,0.706599713055954,0.8278335724533716,0.7142857142857143,0.8506493506493507
462,0.6456115785414874,0.7090053287146785,0.6481888335524802,0.7096844545173756,0.7159253945480631,0.8536585365853658,0.7012987012987013,0.8311688311688312
463,0.6477209041412907,0.7087802223361488,0.6497960099066347,0.7074973690497803,0.712338593974175,0.8436154949784792,0.7272727272727273,0.8441558441558441
464,0.6479496425308929,0.7118953953961722,0.6503421098586445,0.7070007180688804,0.7223816355810617,0.8156384505021521,0.7337662337662337,0.8441558441558441
465,0.6494716424282212,0.7066855989575972,0.6523862988945751,0.705511415384106,0.7008608321377331,0.8601147776183644,0.7012987012987013,0.8636363636363636
466,0.6427572204845251,0.7110934219436033,0.645703858912314,0.7122203497563506,0.7474892395982783,0.8185078909612625,0.7532467532467533,0.7987012987012987
467,0.6595071771487104,0.7011280180186363,0.6614345998980087,0.6960720330539923,0.6979913916786227,0.8522238163558106,0.7012987012987013,0.8636363636363636
468,0.6423585138468166,0.7117102693561457,0.6451717093243723,0.7125627401742888,0.7503586800573888,0.8012912482065997,0.7532467532467533,0.7727272727272727
469,0.6475104620766393,0.7057221190947466,0.6492708031402864,0.7073859761064585,0.7230989956958394,0.8414634146341463,0.7467532467532467,0.8376623376623377
470,0.6447492018114519,0.7134637270462661,0.647290412563019,0.7098338537019091,0.7230989956958394,0.8350071736011477,0.7337662337662337,0.8311688311688312
471,0.6417375928800122,0.7162011323337071,0.6445292758415254,0.7132409640945696,0.7216642754662841,0.8342898134863702,0.7272727272727273,0.8441558441558441
472,0.6499480949385366,0.7064994134577663,0.6522926881424924,0.7050493110370456,0.7130559540889526,0.8393113342898135,0.7142857142857143,0.8506493506493507
473,0.6395639651116221,0.7210716780908167,0.6425740520861956,0.7153703156795531,0.7453371592539455,0.787661406025825,0.7467532467532467,0.7922077922077922
474,0.6503428573736263,0.7107689428964008,0.6532160760146993,0.7050250266309684,0.6944045911047346,0.8529411764705882,0.6818181818181818,0.8766233766233766
475,0.6505135013225336,0.7109630402945657,0.6537164473242595,0.7050776681300303,0.6908177905308465,0.8443328550932568,0.6818181818181818,0.8766233766233766
476,0.6521387232661939,0.7043569103816952,0.6535850946585859,0.7033833069027116,0.7159253945480631,0.8421807747489239,0.7272727272727273,0.8376623376623377
477,0.6560816629586138,0.7040210049438793,0.6583163815828516,0.6992118022440553,0.703012912482066,0.8414634146341463,0.7012987012987013,0.8636363636363636
478,0.6484779303811867,0.7098428332816642,0.6510940210665422,0.7064394124727799,0.7101865136298422,0.832855093256815,0.7012987012987013,0.8506493506493507
479,0.6505138801342345,0.7057399397105388,0.6528464537228609,0.7043663512968956,0.712338593974175,0.8421807747489239,0.7077922077922078,0.8441558441558441
480,0.6453298078346557,0.7134474420661063,0.6481651809644643,0.7099106334623894,0.7094691535150646,0.8457675753228121,0.7077922077922078,0.8571428571428571
481,0.6485264948771674,0.7076156655545677,0.6512309092097018,0.7062891862727232,0.7037302725968436,0.8565279770444764,0.7012987012987013,0.8636363636363636
482,0.653839833050025,0.708780452656047,0.655938157256688,0.7012173430662554,0.7051649928263989,0.8350071736011477,0.7012987012987013,0.8506493506493507
483,0.6531948606518799,0.7071191108706901,0.6556923208976507,0.702149751053481,0.697274031563845,0.8629842180774749,0.7012987012987013,0.8636363636363636
484,0.6447493721226027,0.7177355611738908,0.6477010677968276,0.7104281722558982,0.7058823529411765,0.8371592539454806,0.7077922077922078,0.8636363636363636
485,0.6381176820896024,0.7126555358195954,0.6406573568176133,0.7169146685774254,0.7453371592539455,0.8256814921090387,0.7597402597402597,0.7922077922077922
486,0.6489820817546715,0.7071600289686083,0.6512163981424671,0.7058579213039047,0.7173601147776184,0.8335724533715926,0.7077922077922078,0.8376623376623377
487,0.6389525283404791,0.7171404564109681,0.641609166996686,0.7158011431512802,0.7417503586800573,0.8070301291248206,0.7532467532467533,0.8116883116883117
488,0.6486224765203555,0.7105886547565575,0.6508307299907811,0.7063331867736549,0.7173601147776184,0.8321377331420373,0.7207792207792207,0.8376623376623377
489,0.6493735227583586,0.7129773482303241,0.6522016927002611,0.7057857610869738,0.7051649928263989,0.8299856527977044,0.7077922077922078,0.8571428571428571
490,0.6605718741540922,0.6998983685688059,0.6628185537481465,0.6947694584505937,0.6951219512195121,0.8536585365853658,0.6948051948051948,0.8701298701298701
491,0.6485982376072554,0.7108577425827681,0.6508384229063493,0.706769431751457,0.7001434720229556,0.8507890961262554,0.7077922077922078,0.8636363636363636
492,0.6463559741150304,0.7119803988687992,0.6491648026119141,0.7087412369536582,0.7173601147776184,0.8378766140602583,0.7077922077922078,0.8311688311688312
493,0.6486457203473897,0.7085707697619545,0.6511047662180629,0.706382877983913,0.7073170731707317,0.8500717360114778,0.7077922077922078,0.8571428571428571
494,0.6428488559067916,0.7102852552687805,0.6452850973625825,0.7121019488378751,0.7266857962697274,0.8371592539454806,0.7532467532467533,0.8311688311688312
495,0.6367411908194913,0.7190500482712642,0.6398328013319837,0.7183663774632103,0.7682926829268293,0.763271162123386,0.7727272727272727,0.7532467532467533
496,0.6500856573689742,0.7115163385369212,0.6528499527787485,0.70506763633226,0.703012912482066,0.832855093256815,0.6948051948051948,0.8636363636363636
497,0.6453738080101298,0.7118985758764629,0.647493147170679,0.7096108302399657,0.7266857962697274,0.8177905308464849,0.7467532467532467,0.8311688311688312
498,0.6508321112189139,0.707470682317774,0.6532586142610992,0.7044749915842458,0.7015781922525107,0.8493543758967002,0.6948051948051948,0.8636363636363636
499,0.6481944608964976,0.7089303317414001,0.6500686271323808,0.7069559814550167,0.723816355810617,0.8371592539454806,0.7272727272727273,0.8376623376623377
500,0.6560918275958818,0.7019360033152684,0.6578268701571973,0.6993535250249977,0.6965566714490674,0.8565279770444764,0.6948051948051948,0.8636363636363636
